{
  "train_loss": [
    0.848722358699888,
    0.5058367389719933,
    0.36250572849530727,
    0.32255984155926853,
    0.290967113309307,
    0.32374379062093794,
    0.21482808474684134,
    0.1808433734549908,
    0.1582851754501462,
    0.1350399247603491,
    0.13862865032206173,
    0.08446397931402316,
    0.06895686431380454,
    0.05791852033689793,
    0.05227033108531032,
    0.04514497447598842,
    0.03371607264489285,
    0.05126634931002627,
    0.02936141854934249,
    0.033847477609469934
  ],
  "train_acc": [
    70.72808320950966,
    82.86280336800397,
    88.21198613174839,
    89.45022288261515,
    90.98563645368995,
    90.68845963348193,
    92.76869737493809,
    94.6012877662209,
    94.55175829618624,
    96.03764239722635,
    96.58246656760772,
    97.42446755819712,
    97.91976225854383,
    98.21693907875186,
    98.81129271916791,
    98.6627043090639,
    99.1579990094106,
    99.1579990094106,
    99.1579990094106,
    98.91035165923725
  ],
  "val_loss": [
    3.1814588450361043,
    0.9239466034341604,
    0.7000621557235718,
    0.8505159490741789,
    0.6615874138660729,
    0.4371585457120091,
    0.39015403913799673,
    0.4262847480340497,
    0.38716262314119376,
    0.4859996009909082,
    0.29668516106903553,
    0.4586559498857241,
    0.4048851208644919,
    0.4210170002479572,
    0.5248941525060218,
    0.3904878959292546,
    0.38522471655869595,
    0.4251190443355881,
    0.40305656597411144,
    0.3955055127498781
  ],
  "val_acc": [
    38.58267716535433,
    74.80314960629921,
    81.49606299212599,
    80.51181102362204,
    81.69291338582677,
    86.81102362204724,
    88.18897637795276,
    89.56692913385827,
    89.37007874015748,
    88.77952755905511,
    91.53543307086615,
    88.38582677165354,
    90.55118110236221,
    91.92913385826772,
    88.97637795275591,
    91.14173228346456,
    90.94488188976378,
    90.55118110236221,
    90.94488188976378,
    91.14173228346456
  ]
}