{
  "train_loss": [
    0.7220917085880462
  ],
  "train_acc": [
    77.36250379823761
  ],
  "val_loss": [
    0.6818874123273949
  ],
  "val_acc": [
    79.6437659033079
  ]
}